{"equity": 999.96991, "open_pos": {"TFUEL/USDT": {"entry": 0.036238389999999995, "stop": 0.03483910428571428, "qty": 1383.891502906172, "bars": 0}}}